{
    "score": 8215,
    "matrix1": [
        [
            -0.08532896142983683,
            0.10749810078442411,
            -0.2797460317279632,
            0.017399886847945696,
            -0.1884402975629193,
            0.09604943116285992
        ],
        [
            0.31460191078817445,
            0.04766930814705214,
            -0.018215049574822166,
            0.4872847228261577,
            -0.232730716679402,
            -0.00904320168789953
        ],
        [
            -0.20539056299952654,
            -0.32468964470162986,
            -0.09202239272110893,
            -0.053143702511651375,
            -0.2190352704343384,
            0.08659661084817846
        ],
        [
            0.1683616561396848,
            0.027408554522224068,
            -0.09073791882004452,
            -0.04918521578380444,
            -0.07154030904030739,
            -0.16305429744094246
        ]
    ],
    "matrix2": [
        [
            -0.03001837115671737,
            -0.07638184701260751,
            -0.1730775083893492,
            0.3058089203846919
        ],
        [
            0.14423967679223987,
            -0.14436991235109783,
            0.4831527214833832,
            0.13962635912528062
        ],
        [
            0.17116639450099122,
            0.23901624278740782,
            -0.10390702322177027,
            0.05198538743106096
        ]
    ],
    "bais": [
        0.04751720351562136,
        -0.1068535665587654,
        0.01960290160839897,
        -0.11668973705963892
    ]
}